Producto,Precio
Neurobión 100 / 150 Mg Caja Con 30 Tabletas...,42030.0
Dayamineral E Jarabe Caja Con Frasco Con 240 Ml,56480.0
Crema De Calendula Anhmorroida Max Forte 80 G,47150.0
Oferta Alimento Granulado Tarrito Rojo 380 G +...,27500.0
Antidiarreico Smecta Sabor Fresa 10 Sobres,68310.0
Benzirin Verde Aseptic Solución Oral Spray Con...,59700.0
Vita C Sabor A Naranja 500 G Caja Con 100...,51150.0
Minoxidil Forte 5% La Santé 60 Ml,44000.0
Gastrofast Advance 12 Sobres,33250.0
Hidraplus 75 Suero Oral Sabor Cereza Frasco Con...,10500.0
Alimento Nestogeno Kids 3 Tarro Con 800 G,45920.0
Curas Nexcare Impermeable 12 Unds,8760.0
Curas Nexcare Impermeables 10 Unds,7160.0
Gelimed Polvo Sabor Limón 30 Sobres Con 10 G C/U,111478.0
Systane Ultra Solución Oftálmica Caja Con...,47160.0
Stamyl Caja Con 20 Grageas,68900.0
Crema Protectora Acid Mantle Baby 100 G,48600.0
Neutrogena Hidratante Hydro Boost Water Gel...,67000.0
Dolorsin Fem Rápido Alivio 4 Cápsulas,7280.0
Aspirina 100 Mg Caja Con 28 Tabletas,18400.0
Jarabe Adorem 150Mg / 5Ml Niños 120 Ml,14535.0
